split,head,group,units,mother,selector,oracle,regret,sel_minus_mother,changed_frac
rv_dev,G,rv:axis0,20,0.6072,0.6145,0.7601,0.1456,0.0073,0.1707
rv_dev,G,rv:axis1,20,0.7722,0.8019,0.8777,0.0758,0.0297,0.6089
rv_dev,G,rv:all,40,0.6897,0.7082,0.8189,0.1107,0.0185,0.3898
rv_dev,G,ALL,40,0.6897,0.7082,0.8189,0.1107,0.0185,0.3898
rv_dev,V,rv:axis0,20,0.6072,0.6347,0.7601,0.1254,0.0275,0.5520
rv_dev,V,rv:axis1,20,0.7722,0.7713,0.8777,0.1064,-0.0008,0.5645
rv_dev,V,rv:all,40,0.6897,0.7030,0.8189,0.1159,0.0133,0.5583
rv_dev,V,ALL,40,0.6897,0.7030,0.8189,0.1159,0.0133,0.5583
rv_dev,VQ,rv:axis0,20,0.6072,0.6270,0.7601,0.1331,0.0197,0.6951
rv_dev,VQ,rv:axis1,20,0.7722,0.7832,0.8777,0.0945,0.0110,0.8829
rv_dev,VQ,rv:all,40,0.6897,0.7051,0.8189,0.1138,0.0154,0.7890
rv_dev,VQ,ALL,40,0.6897,0.7051,0.8189,0.1138,0.0154,0.7890
rv_confirm2,G,rv:axis0,100,0.5535,0.5599,0.7698,0.2099,0.0064,0.1452
rv_confirm2,G,rv:axis1,100,0.7781,0.7947,0.8897,0.0950,0.0166,0.5394
rv_confirm2,G,rv:all,200,0.6658,0.6773,0.8298,0.1525,0.0115,0.3423
rv_confirm2,G,ALL,200,0.6658,0.6773,0.8298,0.1525,0.0115,0.3423
rv_confirm2,V,rv:axis0,100,0.5535,0.5748,0.7698,0.1950,0.0214,0.5340
rv_confirm2,V,rv:axis1,100,0.7781,0.7842,0.8897,0.1055,0.0061,0.5938
rv_confirm2,V,rv:all,200,0.6658,0.6795,0.8298,0.1503,0.0137,0.5639
rv_confirm2,V,ALL,200,0.6658,0.6795,0.8298,0.1503,0.0137,0.5639
rv_confirm2,VQ,rv:axis0,100,0.5535,0.5777,0.7698,0.1921,0.0242,0.6733
rv_confirm2,VQ,rv:axis1,100,0.7781,0.7991,0.8897,0.0906,0.0210,0.8649
rv_confirm2,VQ,rv:all,200,0.6658,0.6884,0.8298,0.1414,0.0226,0.7691
rv_confirm2,VQ,ALL,200,0.6658,0.6884,0.8298,0.1414,0.0226,0.7691
live_dev,G,live:axis0,148,0.5246,0.5305,0.7711,0.2406,0.0059,0.1988
live_dev,G,live:all,148,0.5246,0.5305,0.7711,0.2406,0.0059,0.1988
live_dev,G,ALL,148,0.5246,0.5305,0.7711,0.2406,0.0059,0.1988
live_dev,V,live:axis0,148,0.5246,0.5513,0.7711,0.2198,0.0268,0.5584
live_dev,V,live:all,148,0.5246,0.5513,0.7711,0.2198,0.0268,0.5584
live_dev,V,ALL,148,0.5246,0.5513,0.7711,0.2198,0.0268,0.5584
live_dev,VQ,live:axis0,148,0.5246,0.5556,0.7711,0.2155,0.0311,0.7918
live_dev,VQ,live:all,148,0.5246,0.5556,0.7711,0.2155,0.0311,0.7918
live_dev,VQ,ALL,148,0.5246,0.5556,0.7711,0.2155,0.0311,0.7918
live_val,G,live:axis0,172,0.5326,0.5369,0.7633,0.2264,0.0043,0.2030
live_val,G,live:all,172,0.5326,0.5369,0.7633,0.2264,0.0043,0.2030
live_val,G,ALL,172,0.5326,0.5369,0.7633,0.2264,0.0043,0.2030
live_val,V,live:axis0,172,0.5326,0.5438,0.7633,0.2196,0.0112,0.5515
live_val,V,live:all,172,0.5326,0.5438,0.7633,0.2196,0.0112,0.5515
live_val,V,ALL,172,0.5326,0.5438,0.7633,0.2196,0.0112,0.5515
live_val,VQ,live:axis0,172,0.5326,0.5445,0.7633,0.2188,0.0120,0.7883
live_val,VQ,live:all,172,0.5326,0.5445,0.7633,0.2188,0.0120,0.7883
live_val,VQ,ALL,172,0.5326,0.5445,0.7633,0.2188,0.0120,0.7883
