run_id,gt_proxy,description,rule,value,selectable,dev_videos,dev_f_mean,selected_ratio_mean,vs_B0_mean,vs_B0_ci_low,vs_B0_ci_high,vs_B0_positive_videos,status,official_f_video
B0_ALL_SELECT,hi,all select (every clip),thr,0.0,True,24,0.299657,1.0,,,,,baseline,
B1_V0_THR035,hi,"V0 head, fixed .35",thr,0.35,True,24,0.299657,1.0,0.0,0.0,0.0,0,not_promoted_ci_crosses_zero,
B1_V0_TRAINTHR,hi,"V0 head, threshold chosen on train",thr,0.65,True,24,0.316572,0.704718,0.016915,-0.022927,0.054194,14,not_promoted_ci_crosses_zero,
B1Q_V0_TOPQ,hi,"V0 head, per-video top-q chosen on train",topq,0.85,True,24,0.305426,0.853226,0.005769,-0.008555,0.019356,15,not_promoted_ci_crosses_zero,
E1_FULLNEG_THR,hi,"E1 head (unannotated=0), threshold chosen on train",thr,0.3,True,24,0.191623,0.213549,-0.108034,-0.196007,-0.014835,5,failed_exploration,
E2_FULLNEG_TOPQ,hi,"E1 head, per-video top-q chosen on train",topq,0.15,True,24,0.151978,0.146774,-0.147679,-0.229972,-0.07003,4,failed_exploration,
ORACLE_V0_THR,hi,upper bound: V0 dev-oracle threshold (not selectable),thr,0.65,False,24,0.316572,0.704718,0.016915,-0.022927,0.054194,14,upper_bound_not_deployable,
ORACLE_E1_THR,hi,upper bound: E1 dev-oracle threshold (not selectable),thr,0.05,False,24,0.309197,0.546501,0.00954,-0.046894,0.064011,13,upper_bound_not_deployable,
B0_ALL_SELECT,rel,all select (every clip),thr,0.0,True,24,0.417132,1.0,,,,,baseline,
B1_V0_THR035,rel,"V0 head, fixed .35",thr,0.35,True,24,0.417132,1.0,0.0,0.0,0.0,0,not_promoted_ci_crosses_zero,
B1_V0_TRAINTHR,rel,"V0 head, threshold chosen on train",thr,0.45,True,24,0.417132,1.0,0.0,0.0,0.0,0,not_promoted_ci_crosses_zero,
B1Q_V0_TOPQ,rel,"V0 head, per-video top-q chosen on train",topq,1.0,True,24,0.417132,1.0,0.0,0.0,0.0,0,not_promoted_ci_crosses_zero,
E1_FULLNEG_THR,rel,"E1 head (unannotated=0), threshold chosen on train",thr,0.25,True,24,0.301358,0.250837,-0.115774,-0.216566,-0.010678,6,failed_exploration,
E2_FULLNEG_TOPQ,rel,"E1 head, per-video top-q chosen on train",topq,0.2,True,24,0.282529,0.199751,-0.134603,-0.228256,-0.036085,5,failed_exploration,
ORACLE_V0_THR,rel,upper bound: V0 dev-oracle threshold (not selectable),thr,0.65,False,24,0.431079,0.704718,0.013947,-0.051083,0.070917,14,upper_bound_not_deployable,
ORACLE_E1_THR,rel,upper bound: E1 dev-oracle threshold (not selectable),thr,0.05,False,24,0.441689,0.546501,0.024557,-0.04145,0.089363,13,upper_bound_not_deployable,
E3_QWEN_DISTILL,,Qwen distillation,,,,0,,,,,,,gated_on_P2_audit,
