split,level,dimension,stratum,videos,keyframes,mean,ci_lo,ci_hi,better,worse,mean_shift_win
rv_train,video_pipeline,set,rv_x,80,,0.01075,0.00326,0.01848,60,16,
rv_train,video_pipeline,set,rv_y,80,,0.02061,0.01425,0.02684,59,14,
rv_train,video_pipeline,win,win<.25,80,,0.01075,0.00326,0.01848,60,16,
rv_train,video_pipeline,win,win>=.45,80,,0.02061,0.01425,0.02684,59,14,
rv_train,video_pipeline,face,face<.5,24,,0.01495,0.00787,0.02173,20,3,
rv_train,video_pipeline,face,face=0,44,,0.01995,0.01148,0.0279,37,6,
rv_train,video_pipeline,face,face>=.5,12,,0.00147,-0.0002,0.00379,6,2,
rv_train,keyframe_video_macro,rv_x:pos,centre,78,1179,0.00872,0.00311,0.01495,57,21,0.03632
rv_train,keyframe_video_macro,rv_x:pos,edge,3,3,-0.1616,-0.27143,-0.06798,0,3,0.32247
rv_train,keyframe_video_macro,rv_x:pos,middle,62,548,0.00653,-0.01219,0.02413,36,26,0.15225
rv_train,keyframe_video_macro,rv_x:persons,persons=0,49,674,-0.00093,-0.02122,0.01606,30,19,0.06922
rv_train,keyframe_video_macro,rv_x:persons,persons=1,47,438,0.00955,-0.00672,0.02599,29,18,0.07704
rv_train,keyframe_video_macro,rv_x:persons,persons>=2,49,618,0.01829,0.00411,0.03273,34,14,0.07576
rv_train,keyframe_video_macro,rv_x:kf_face,kf_face,28,304,0.00195,-0.02119,0.02434,15,13,0.07261
rv_train,keyframe_video_macro,rv_x:kf_face,kf_noface,75,1426,0.0059,-0.00351,0.01541,48,27,0.07373
rv_train,keyframe_video_macro,rv_y:pos,centre,77,1170,0.01166,0.00427,0.01896,55,22,0.04027
rv_train,keyframe_video_macro,rv_y:pos,edge,37,227,0.01805,-0.00231,0.03812,24,11,0.16148
rv_train,keyframe_video_macro,rv_y:pos,middle,56,337,0.04285,0.02304,0.06162,41,15,0.10027
rv_train,keyframe_video_macro,rv_y:persons,persons=0,49,681,0.01596,0.0021,0.02876,36,13,0.06996
rv_train,keyframe_video_macro,rv_y:persons,persons=1,47,437,0.01218,-0.00111,0.02469,31,16,0.06753
rv_train,keyframe_video_macro,rv_y:persons,persons>=2,49,616,0.02478,0.01278,0.03641,36,13,0.0656
rv_train,keyframe_video_macro,rv_y:kf_face,kf_face,28,303,-0.00426,-0.0197,0.01184,12,16,0.05016
rv_train,keyframe_video_macro,rv_y:kf_face,kf_noface,75,1431,0.02395,0.01628,0.03186,58,17,0.07153
live_train,video_pipeline,set,live_x,1466,,0.00744,0.00633,0.00858,866,455,
live_train,video_pipeline,win,win.25-.45,1466,,0.00744,0.00633,0.00858,866,455,
live_train,video_pipeline,face,face<.5,192,,0.00744,0.0044,0.01058,120,69,
live_train,video_pipeline,face,face=0,1106,,0.0084,0.00704,0.00978,693,355,
live_train,video_pipeline,face,face>=.5,168,,0.00111,0.00039,0.00192,53,31,
live_train,keyframe_video_macro,live_x:pos,centre,1222,5059,0.00014,-0.00121,0.00143,595,578,0.02839
live_train,keyframe_video_macro,live_x:pos,edge,154,264,0.01558,0.00608,0.02544,68,20,0.18008
live_train,keyframe_video_macro,live_x:pos,middle,833,2489,0.02103,0.0163,0.02568,541,264,0.09307
live_train,keyframe_video_macro,live_x:persons,persons=0,891,3893,0.00806,0.00537,0.01077,509,342,0.05261
live_train,keyframe_video_macro,live_x:persons,persons=1,517,1674,0.00561,0.00088,0.01022,254,218,0.05759
live_train,keyframe_video_macro,live_x:persons,persons>=2,547,2245,0.00695,0.00366,0.0103,316,215,0.05417
live_train,keyframe_video_macro,live_x:kf_face,kf_face,278,1051,0.0026,-0.00306,0.00823,131,129,0.05137
live_train,keyframe_video_macro,live_x:kf_face,kf_noface,1312,6761,0.00875,0.00682,0.01061,786,499,0.05455
rv_dev,video_pipeline,set,rv_x,20,,0.01257,0.00744,0.01767,15,4,
rv_dev,video_pipeline,set,rv_y,20,,0.02265,0.0055,0.03679,17,2,
rv_dev,video_pipeline,win,win<.25,20,,0.01257,0.00744,0.01767,15,4,
rv_dev,video_pipeline,win,win>=.45,20,,0.02265,0.0055,0.03679,17,2,
rv_dev,video_pipeline,face,face<.5,5,,0.01776,0.00994,0.02695,5,0,
rv_dev,video_pipeline,face,face=0,13,,0.02003,0.00814,0.03102,12,1,
rv_dev,video_pipeline,face,face>=.5,2,,0.00155,0.0,0.0031,1,0,
rv_dev,keyframe_video_macro,rv_x:pos,centre,20,261,0.003,-0.00395,0.00941,12,8,0.03705
rv_dev,keyframe_video_macro,rv_x:pos,edge,2,2,-0.12183,-0.22831,-0.01536,0,2,0.35
rv_dev,keyframe_video_macro,rv_x:pos,middle,16,107,-0.00207,-0.03104,0.02459,9,7,0.16109
rv_dev,keyframe_video_macro,rv_x:persons,persons=0,8,98,0.01484,0.00638,0.02354,7,1,0.06669
rv_dev,keyframe_video_macro,rv_x:persons,persons=1,13,104,0.01388,-0.00289,0.03004,9,4,0.07645
rv_dev,keyframe_video_macro,rv_x:persons,persons>=2,15,168,-0.00907,-0.02029,0.00206,6,9,0.07809
rv_dev,keyframe_video_macro,rv_x:kf_face,kf_face,6,36,-0.00511,-0.03434,0.02455,2,4,0.07322
rv_dev,keyframe_video_macro,rv_x:kf_face,kf_noface,19,334,0.00756,1e-05,0.01451,11,7,0.07476
rv_dev,keyframe_video_macro,rv_y:pos,centre,19,240,-0.0043,-0.01901,0.00915,10,9,0.03587
rv_dev,keyframe_video_macro,rv_y:pos,edge,9,39,0.05711,0.02999,0.08625,8,1,0.16454
rv_dev,keyframe_video_macro,rv_y:pos,middle,16,97,0.06349,0.03178,0.09232,14,2,0.09487
rv_dev,keyframe_video_macro,rv_y:persons,persons=0,8,104,0.00872,-0.02522,0.03248,7,1,0.07685
rv_dev,keyframe_video_macro,rv_y:persons,persons=1,13,104,0.02878,-0.0044,0.0603,9,4,0.06343
rv_dev,keyframe_video_macro,rv_y:persons,persons>=2,15,168,0.01159,-0.01167,0.03133,11,4,0.05737
rv_dev,keyframe_video_macro,rv_y:kf_face,kf_face,6,36,0.01932,-0.02448,0.07454,3,3,0.04433
rv_dev,keyframe_video_macro,rv_y:kf_face,kf_noface,19,340,0.02515,0.00799,0.04028,16,3,0.06657
live_dev,video_pipeline,set,live_x,156,,0.00741,0.00436,0.0106,99,40,
live_dev,video_pipeline,win,win.25-.45,156,,0.00741,0.00436,0.0106,99,40,
live_dev,video_pipeline,face,face<.5,27,,0.01082,0.00518,0.01685,21,6,
live_dev,video_pipeline,face,face=0,114,,0.00742,0.00342,0.0115,73,32,
live_dev,video_pipeline,face,face>=.5,15,,0.00118,-7e-05,0.00291,5,2,
live_dev,keyframe_video_macro,live_x:pos,centre,128,536,-0.0001,-0.00406,0.00399,58,65,0.02855
live_dev,keyframe_video_macro,live_x:pos,edge,18,23,0.00812,-0.0231,0.04264,8,3,0.18474
live_dev,keyframe_video_macro,live_x:pos,middle,86,241,0.01417,-9e-05,0.0282,52,30,0.09485
live_dev,keyframe_video_macro,live_x:persons,persons=0,84,369,0.00107,-0.00535,0.00782,40,40,0.05
live_dev,keyframe_video_macro,live_x:persons,persons=1,48,148,0.00621,-0.00738,0.02236,21,25,0.04962
live_dev,keyframe_video_macro,live_x:persons,persons>=2,70,283,0.00539,-0.00519,0.01532,41,25,0.05873
live_dev,keyframe_video_macro,live_x:kf_face,kf_face,33,102,0.00488,-0.01889,0.02763,16,17,0.06017
live_dev,keyframe_video_macro,live_x:kf_face,kf_noface,137,698,0.00583,0.00099,0.01063,73,59,0.05197
rv_confirm2,video_pipeline,set,rv_x,100,,0.01179,0.0057,0.01846,68,27,
rv_confirm2,video_pipeline,set,rv_y,100,,0.01789,0.00945,0.0264,64,31,
rv_confirm2,video_pipeline,win,win<.25,100,,0.01179,0.0057,0.01846,68,27,
rv_confirm2,video_pipeline,win,win>=.45,100,,0.01789,0.00945,0.0264,64,31,
rv_confirm2,video_pipeline,face,face<.5,26,,0.01446,0.00369,0.02584,18,8,
rv_confirm2,video_pipeline,face,face=0,56,,0.01917,0.01156,0.0262,44,12,
rv_confirm2,video_pipeline,face,face>=.5,18,,0.00193,-0.00167,0.00622,7,6,
rv_confirm2,keyframe_video_macro,rv_x:pos,centre,98,1310,0.00554,-0.00085,0.01132,64,31,0.03864
rv_confirm2,keyframe_video_macro,rv_x:pos,edge,2,3,-0.19853,-0.28291,-0.11416,0,2,0.37193
rv_confirm2,keyframe_video_macro,rv_x:pos,middle,85,726,0.00697,-0.00907,0.02298,45,38,0.15542
rv_confirm2,keyframe_video_macro,rv_x:persons,persons=0,58,618,0.01399,0.00052,0.02841,33,25,0.09539
rv_confirm2,keyframe_video_macro,rv_x:persons,persons=1,69,745,0.00952,-0.00203,0.02149,42,27,0.07977
rv_confirm2,keyframe_video_macro,rv_x:persons,persons>=2,67,676,-0.00227,-0.01553,0.00952,37,27,0.06834
rv_confirm2,keyframe_video_macro,rv_x:kf_face,kf_face,35,342,-0.00183,-0.01777,0.01419,16,16,0.07232
rv_confirm2,keyframe_video_macro,rv_x:kf_face,kf_noface,95,1697,0.00834,-0.00072,0.01788,58,36,0.0824
rv_confirm2,keyframe_video_macro,rv_y:pos,centre,98,1286,0.0055,-0.00208,0.01309,58,40,0.04134
rv_confirm2,keyframe_video_macro,rv_y:pos,edge,47,207,0.03048,0.00669,0.05331,31,16,0.17262
rv_confirm2,keyframe_video_macro,rv_y:pos,middle,81,549,0.03241,0.01347,0.05145,55,26,0.10603
rv_confirm2,keyframe_video_macro,rv_y:persons,persons=0,58,620,0.01859,0.0029,0.03359,41,17,0.06663
rv_confirm2,keyframe_video_macro,rv_y:persons,persons=1,69,746,0.01653,0.00337,0.02973,44,25,0.0764
rv_confirm2,keyframe_video_macro,rv_y:persons,persons>=2,67,676,0.02109,0.00779,0.03499,42,25,0.0722
rv_confirm2,keyframe_video_macro,rv_y:kf_face,kf_face,35,342,-0.02811,-0.04464,-0.01135,9,26,0.06288
rv_confirm2,keyframe_video_macro,rv_y:kf_face,kf_noface,95,1700,0.01576,0.00546,0.02622,62,32,0.07388
live_confirm3,video_pipeline,set,live_x,178,,0.00624,0.00344,0.00929,108,52,
live_confirm3,video_pipeline,win,win.25-.45,178,,0.00624,0.00344,0.00929,108,52,
live_confirm3,video_pipeline,face,face<.5,33,,0.01004,0.00367,0.01624,26,6,
live_confirm3,video_pipeline,face,face=0,118,,0.00633,0.00243,0.01017,69,43,
live_confirm3,video_pipeline,face,face>=.5,27,,0.00126,-0.00113,0.00344,13,3,
live_confirm3,keyframe_video_macro,live_x:pos,centre,152,599,-0.00295,-0.00671,0.00074,72,76,0.02917
live_confirm3,keyframe_video_macro,live_x:pos,edge,20,25,0.03119,-0.00658,0.07143,8,2,0.17382
live_confirm3,keyframe_video_macro,live_x:pos,middle,108,289,0.03073,0.01656,0.04474,74,28,0.09321
live_confirm3,keyframe_video_macro,live_x:persons,persons=0,104,438,0.0133,0.00486,0.02208,55,45,0.05474
live_confirm3,keyframe_video_macro,live_x:persons,persons=1,77,242,0.00469,-0.00594,0.0152,40,31,0.05078
live_confirm3,keyframe_video_macro,live_x:persons,persons>=2,69,233,0.01517,0.00434,0.02685,37,28,0.05362
live_confirm3,keyframe_video_macro,live_x:kf_face,kf_face,44,157,-0.0006,-0.01815,0.01767,21,23,0.04825
live_confirm3,keyframe_video_macro,live_x:kf_face,kf_noface,158,756,0.01041,0.00332,0.01738,96,59,0.05448
official,video_share,official_x:win,win.25-.45,54,,0.98182,,,,,
official,video_share,official_x:win,win>=.45,1,,0.01818,,,,,
official,video_share,official_x:face,face<.5,14,,0.25455,,,,,
official,video_share,official_x:face,face=0,33,,0.6,,,,,
official,video_share,official_x:face,face>=.5,8,,0.14545,,,,,
official,keyframe_share,official_x:pos,centre,,749,0.70395,,,,,0.0271
official,keyframe_share,official_x:pos,edge,,20,0.0188,,,,,0.18511
official,keyframe_share,official_x:pos,middle,,295,0.27726,,,,,0.08213
official,keyframe_share,official_x:persons,persons=0,,545,0.51222,,,,,0.0435
official,keyframe_share,official_x:persons,persons=1,,437,0.41071,,,,,0.04972
official,keyframe_share,official_x:persons,persons>=2,,82,0.07707,,,,,0.03403
official,keyframe_share,official_x:kf_face,kf_face,,110,0.10338,,,,,0.03781
official,keyframe_share,official_x:kf_face,kf_noface,,954,0.89662,,,,,0.04619
official,video_share,official_y:win,win.25-.45,119,,1.0,,,,,
official,video_share,official_y:face,face<.5,62,,0.52101,,,,,
official,video_share,official_y:face,face=0,32,,0.26891,,,,,
official,video_share,official_y:face,face>=.5,25,,0.21008,,,,,
official,keyframe_share,official_y:pos,centre,,1180,0.66181,,,,,0.05584
official,keyframe_share,official_y:pos,edge,,20,0.01122,,,,,0.42282
official,keyframe_share,official_y:pos,middle,,583,0.32698,,,,,0.21232
official,keyframe_share,official_y:persons,persons=0,,923,0.51767,,,,,0.12891
official,keyframe_share,official_y:persons,persons=1,,595,0.33371,,,,,0.08113
official,keyframe_share,official_y:persons,persons>=2,,265,0.14863,,,,,0.11652
official,keyframe_share,official_y:kf_face,kf_face,,330,0.18508,,,,,0.07338
official,keyframe_share,official_y:kf_face,kf_noface,,1453,0.81492,,,,,0.1197
