video_id,domain,steps,pos_rate,spearman_vs_highlight,ap_highlight,prec_at_top20,base_rate
-olTgMPAyMI,dog,157,0.1783,0.509,0.5643,0.5484,0.1783
8AJTZeEeStk,dog,84,0.0952,0.5068,0.9861,0.4706,0.0952
NSmOKAauZpM,dog,112,0.7768,0.0961,0.8548,0.9545,0.7768
Z5BEFsaYIS4,dog,38,0.2105,0.1648,0.3339,0.25,0.2105
iLHRqR-M9HQ,dog,70,0.4286,-0.2,0.5286,0.5714,0.4286
x2Za-t1yHtI,dog,31,0.4516,0.6248,0.7744,0.6667,0.4516
41u2V_ZAKto,gymnastics,62,0.8871,-0.2471,0.8019,0.75,0.8871
GCabQyaHSMg,gymnastics,127,0.1181,0.3162,0.4471,0.28,0.1181
_45vTFtcduE,gymnastics,69,0.2174,0.0533,0.2036,0.0,0.2174
iDJM9j11U-c,gymnastics,53,0.9434,0.2238,0.9862,1.0,0.9434
zr5LSPMBpiI,gymnastics,68,0.9853,0.2085,1.0,1.0,0.9853
LECL1bIpi5w,parkour,184,0.9837,-0.019,0.9831,0.973,0.9837
ucTkpjZO_o4,parkour,58,0.931,-0.2276,0.8444,0.75,0.931
AJ98A2y1dVw,skating,28,0.9286,0.103,0.9589,1.0,0.9286
SLN-xH-rsU0,skating,112,0.0893,0.169,0.4031,0.1818,0.0893
r0lvvcgi7HY,skating,41,0.1707,0.3771,0.2787,0.25,0.1707
2pstGBM4p0w,skiing,217,0.0553,-0.3662,0.0312,0.0,0.0553
91lDbBHUx0w,skiing,38,0.6579,0.2723,0.8088,0.75,0.6579
FLYkD7zHuHQ,skiing,265,0.4075,-0.2798,0.3153,0.2075,0.4075
OvgaPTfEnqo,skiing,107,0.4299,0.269,0.467,0.1429,0.4299
V3J26hr1ZSE,skiing,130,0.1692,0.6402,0.9747,0.8077,0.1692
_10CbYdTG5M,skiing,22,0.7273,-0.7809,0.5347,0.0,0.7273
drHPy6wSZGs,skiing,71,0.7042,0.7906,1.0,1.0,0.7042
iwCSAYGwPq4,skiing,244,0.0861,0.3142,0.1841,0.1429,0.0861
pU57a3jYMEk,skiing,49,0.5102,-0.3262,0.4419,0.2,0.5102
uKmqaAvjKgw,skiing,107,0.1682,0.1926,0.1993,0.0476,0.1682
zDRzOsmwa08,skiing,36,0.6389,0.4214,0.8297,0.8571,0.6389
3TbZfeokCkE,surfing,63,0.4286,-0.0251,0.3993,0.2308,0.4286
Ai9FwQGn5ds,surfing,92,0.9674,-0.1786,0.9501,0.9444,0.9674
IjQhHPlTfdE,surfing,300,0.0567,0.412,0.7986,0.2833,0.0567
QGp0kRzKiAc,surfing,43,0.2326,0.3699,0.3738,0.4444,0.2326
VYe5QfM5ecE,surfing,21,0.4762,-0.2367,0.4606,0.5,0.4762
MACRO,,,0.4722,0.1296,0.6162,0.5064,0.4722
