vid,b3,C,M,E_beta0_mean,E_beta0.03_mean,E_beta0.1_mean
video1006,0.47246,0.47246,0.46034,0.40292,0.47272
video1052,0.17912,0.17912,0.21748,0.15584,0.14084
video1055,0.64672,0.64672,0.61949,0.62934,0.62851
video1062,0.53101,0.53101,0.4712,0.46977,0.47788
video1145,0.80389,0.80389,0.81558,0.81558,0.80231
video1146,0.43931,0.43931,0.5373,0.52935,0.54144
video1161,0.55318,0.55318,0.54285,0.54222,0.54117
video1179,0.54805,0.54805,0.56125,0.56411,0.58691
video1192,0.5301,0.5301,0.34773,0.34563,0.42159
video1197,0.4041,0.4041,0.35308,0.31021,0.33019
video1199,0.60838,0.60838,0.63422,0.61193,0.61215
video1206,0.46761,0.46761,0.49131,0.51918,0.4989
video1262,0.23308,0.23308,0.37775,0.34106,0.38369
video1266,0.41318,0.41318,0.42528,0.41976,0.41003
video1267,0.55952,0.55952,0.52802,0.4941,0.5364
video1268,0.51367,0.51367,0.43739,0.48054,0.46109
video1274,0.58452,0.58452,0.60467,0.60685,0.60423
video1277,0.57173,0.57173,0.53879,0.44689,0.39342
video1368,0.42555,0.42555,0.50843,0.51916,0.51982
video1376,0.71536,0.71536,0.6626,0.67094,0.67318
video140,0.62881,0.62881,0.62203,0.63108,0.59932
video1410,0.55114,0.55114,0.36629,0.32904,0.3516
video1427,0.54332,0.54332,0.53928,0.57186,0.524
video1530,0.51968,0.51968,0.55824,0.64292,0.5922
video1548,0.68725,0.68725,0.69662,0.70326,0.71191
video1554,0.72836,0.72836,0.71245,0.71325,0.72063
video1564,0.31661,0.31661,0.36447,0.3276,0.34029
video1567,0.70422,0.70422,0.72442,0.72267,0.72484
video1593,0.49136,0.49136,0.58075,0.56066,0.56818
video1600,0.64354,0.64354,0.71666,0.67129,0.70784
video1607,0.42566,0.42566,0.58929,0.60497,0.59162
video1611,0.55958,0.55958,0.5052,0.5282,0.55049
video176,0.75143,0.75143,0.76392,0.74922,0.7335
video228,0.63776,0.63776,0.64481,0.65179,0.62626
video245,0.47288,0.47288,0.46174,0.47709,0.48782
video252,0.60838,0.60838,0.54199,0.5581,0.60579
video2583,0.54721,0.54721,0.52038,0.52162,0.53358
video2586,0.49474,0.49474,0.41163,0.42462,0.46073
video2612,0.60782,0.60782,0.60159,0.64411,0.64135
video2624,0.58489,0.58489,0.60769,0.62002,0.62509
video2626,0.64948,0.64948,0.65095,0.65442,0.65528
video2662,0.49987,0.49987,0.51909,0.53083,0.53667
video2770,0.58253,0.58253,0.57967,0.61402,0.60673
video2771,0.46432,0.46432,0.48325,0.51047,0.48167
video2783,0.22159,0.22159,0.32226,0.33091,0.31921
video29,0.6147,0.6147,0.65597,0.65703,0.6321
video311,0.40683,0.40683,0.44796,0.44498,0.49327
video316,0.61418,0.61418,0.64132,0.64326,0.61804
video333,0.69032,0.69032,0.7028,0.73192,0.71717
video436,0.6528,0.6528,0.67209,0.66746,0.66898
video437,0.68043,0.68043,0.55392,0.60234,0.64035
video440,0.55429,0.55429,0.56419,0.55999,0.57014
video444,0.41779,0.41779,0.34615,0.40256,0.40975
video478,0.51957,0.51957,0.557,0.56074,0.55689
video481,0.3487,0.3487,0.40369,0.40307,0.39583
video506,0.48525,0.48525,0.52913,0.52596,0.48641
video52,0.44196,0.44196,0.45561,0.32819,0.3108
video522,0.72473,0.72473,0.66457,0.68579,0.68676
video552,0.41819,0.41819,0.37096,0.39463,0.41593
video556,0.50567,0.50567,0.54045,0.55074,0.55925
video558,0.67867,0.67867,0.63149,0.64314,0.643
video566,0.39437,0.39437,0.42986,0.40624,0.40063
video569,0.5208,0.5208,0.4744,0.46616,0.47205
video586,0.58476,0.58476,0.51048,0.52979,0.54824
video603,0.41895,0.41895,0.5774,0.5422,0.40027
video620,0.7721,0.7721,0.67687,0.70785,0.63426
video630,0.09074,0.09074,0.1834,0.18105,0.16578
video701,0.43705,0.43705,0.53392,0.49904,0.47887
video707,0.63253,0.63253,0.65186,0.64652,0.65151
video726,0.57774,0.57774,0.52625,0.52726,0.50777
video734,0.3354,0.3354,0.31654,0.30314,0.29727
video775,0.46861,0.46861,0.58487,0.56481,0.53542
video815,0.62375,0.62375,0.65908,0.64199,0.65478
video832,0.35502,0.35502,0.40702,0.57651,0.42983
video834,0.50585,0.50585,0.47204,0.48813,0.46509
video835,0.73554,0.73554,0.74229,0.75079,0.75403
video896,0.62905,0.62905,0.65354,0.63774,0.63143
video911,0.48204,0.48204,0.72346,0.7002,0.71391
video933,0.69399,0.69399,0.64732,0.60469,0.56646
video95,0.35125,0.35125,0.49983,0.49068,0.50159
__MACRO__,0.53108,0.53108,0.54034,0.54045,0.53684
