src,n_act,frames,gt_frames,e_proj,e_min,partial_rate,F_frame,F_block,F_frame_oracle,label_agree
-3ixfTKGG8A,170,4076.0,1323.0,0.016437684003925417,0.00760549558390579,0.03529411764705882,0.43237347294938916,0.06031528444139822,0.9753040914117214,0.9705882352941176
-6p1cTfcWEo,138,4136.0,236.0,0.008220502901353965,0.005319148936170213,0.021739130434782608,0.06793093688083782,0.028901734104046242,0.932806324110672,0.9782608695652174
-ChimwDq09A,117,2806.0,29.0,0.0067712045616536,0.001781895937277263,0.008547008547008548,0.025394045534150613,0.03252032520325203,0.7532467532467533,0.9914529914529915
-CmadmM5cOk,242,5803.0,520.0,0.022057556436326037,0.008271583663622264,0.03305785123966942,0.18139624830787082,0.06722689075630252,0.8904109589041096,0.9710743801652892
-DkjBHkAgFs,253,6066.0,107.0,0.005934718100890208,0.003626772172766238,0.015810276679841896,0.030309153364316024,0.025889967637540454,0.856,0.9920948616600791
-Ia803QGdXM,168,4028.0,1064.0,0.003723932472691162,0.0022343594836146973,0.005952380952380952,0.47509936871638997,0.07178631051752922,0.9930004666355576,0.9702380952380952
-_2oFaAbiuE,181,4340.0,517.0,0.002304147465437788,0.002304147465437788,0.011049723756906077,0.2588883324987481,0.06646525679758308,0.9904214559386973,0.9779005524861878
-c-vIxnFEfo,129,3867.0,42.0,0.004654771140418929,0.0031031807602792862,0.007751937984496124,0.0268370607028754,0.027586206896551724,0.8235294117647058,0.9922480620155039
-jBKKV2V8eU,120,3600.0,450.0,0.0,0.0,0.0,0.21621621621621623,0.04395604395604396,1.0,0.9833333333333333
-o5LGP6FGiQ,142,4256.0,355.0,0.008223684210526315,0.0021146616541353382,0.014084507042253521,0.17608061522142668,0.051172707889125785,0.9530201342281879,0.9929577464788732
-q39cIdslzQ,230,5515.0,210.0,0.0010879419764279238,0.0010879419764279238,0.004347826086956522,0.08048463868455215,0.04060913705583757,0.9859154929577465,0.9739130434782609
-rN2wv5Hq3o,201,4820.0,81.0,0.002904564315352697,0.002074688796680498,0.004975124378109453,0.04110631819335194,0.03305785123966942,0.9204545454545454,0.9850746268656716
-rey3m8SWQI,204,5100.0,245.0,0.010784313725490196,0.00392156862745098,0.014705882352941176,0.09027777777777778,0.049019607843137254,0.8990825688073395,0.9754901960784313
-yYh1gDXjXU,298,7450.0,185.0,0.005369127516778523,0.004697986577181208,0.013422818791946308,0.0488997555012225,0.03309692671394799,0.9024390243902439,0.9832214765100671
01D2H94otcA,110,2750.0,350.0,0.0,0.0,0.0,0.17647058823529413,0.04109589041095891,1.0,0.9818181818181818
01ok_56AXU4,163,4075.0,250.0,0.0,0.0,0.0,0.12857142857142856,0.047368421052631574,1.0,0.9877300613496932
02K1CaUpAJA,184,4600.0,100.0,0.0,0.0,0.0,0.052980132450331126,0.032388663967611336,1.0,0.9891304347826086
03BPG9daepE,203,5075.0,244.0,0.015960591133004926,0.00748768472906404,0.029556650246305417,0.06986492780624126,0.03940886699507389,0.8576449912126538,0.9901477832512315
04YKXCDKxyw,272,8152.0,749.0,0.0,0.0,0.0,0.20568447068515722,0.0517063081695967,1.0,0.9852941176470589
084Rc257rhU,295,7073.0,122.0,0.00989679061218719,0.003675950798812385,0.013559322033898305,0.04221453287197232,0.0446927374301676,0.7770700636942676,0.9864406779661017
0G76HiSQCMQ,410,12300.0,456.0,0.009268292682926829,0.0045528455284552845,0.01951219512195122,0.04195804195804196,0.02551020408163265,0.8888888888888888,0.9878048780487805
0Vsr_GwzFUQ,109,2725.0,205.0,0.007339449541284404,0.001834862385321101,0.009174311926605505,0.08403361344537816,0.0273972602739726,0.9534883720930233,0.9908256880733946
0WtRNGubWGA,259,6475.0,900.0,0.007722007722007722,0.004787644787644788,0.015444015444015444,0.21563786008230454,0.050587172538392046,0.972972972972973,0.9768339768339769
0ZnOCQMBuWc,349,10460.0,158.0,0.010707456978967494,0.004397705544933079,0.017191977077363897,0.03708920187793427,0.041189931350114416,0.7383177570093458,0.997134670487106
0ZyrE-6cb4w,247,7410.0,180.0,0.004048582995951417,0.0021592442645074223,0.008097165991902834,0.058823529411764705,0.037037037037037035,0.9230769230769231,0.9878542510121457
0bKZpxfac-k,107,3210.0,227.0,0.004049844236760125,0.004049844236760125,0.009345794392523364,0.09761311008193801,0.03194888178913738,0.9721627408993576,0.9719626168224299
0eCQ-Oq7QmI,341,10220.0,351.0,0.0008806262230919766,0.0008806262230919766,0.002932551319648094,0.061174264619711705,0.028846153846153844,0.9873417721518988,0.9765395894428153
0obHl5CVmJM,287,8017.0,782.0,0.0,0.0,0.0,0.1781848459616986,0.04545454545454545,1.0,0.9686411149825784
0rppckI31K8,89,2668.0,158.0,0.008245877061469266,0.005247376311844078,0.02247191011235955,0.13823272090988625,0.05240174672489083,0.9349112426035503,0.9887640449438202
0rtV5esQT6I,271,6498.0,1034.0,0.024930747922437674,0.008925823330255463,0.03690036900369004,0.20872074382815003,0.04796163069544364,0.9273542600896861,0.974169741697417
0t1QXHT2SmE,138,4136.0,328.0,0.022243713733075435,0.0183752417794971,0.057971014492753624,0.11806896551724137,0.0410958904109589,0.8770053475935828,0.9130434782608695
0vEoqtUxN_g,229,5491.0,288.0,0.004188672372973957,0.004188672372973957,0.017467248908296942,0.10434038913833654,0.046709129511677286,0.9616026711185309,0.9694323144104804
0zvnorMGeXI,124,3717.0,297.0,0.04116222760290557,0.029324724239978478,0.08064516129032258,0.18187385180649113,0.07575757575757576,0.7951807228915663,0.9838709677419355
10L4KelTJ-8,125,2998.0,479.0,0.0,0.0,0.0,0.23288147375738616,0.048359240069084625,1.0,0.984
10bbfe3sIzg,234,7013.0,2234.0,0.014972194495936118,0.006416654783972622,0.029914529914529916,0.4258739474355703,0.04791408508880628,0.9770391427946643,0.9957264957264957
11eCcrqM6l0,150,4496.0,644.0,0.016903914590747332,0.005338078291814947,0.02666666666666667,0.214992927864215,0.044502617801047126,0.9442815249266863,0.9866666666666667
17BeQrjmaA4,230,5515.0,890.0,0.008340888485947415,0.0021758839528558476,0.021739130434782608,0.3093172387778197,0.06703910614525138,0.9748083242059146,0.9478260869565217
1DKvOx33ncg,290,6954.0,238.0,0.003738855335058959,0.0025884383088869713,0.006896551724137931,0.08206896551724138,0.04680851063829788,0.9482071713147411,0.993103448275862
1GLHRe4m5u0,669,20049.0,4136.0,0.0,0.0,0.0,0.34467030242935054,0.04966816527510169,1.0,0.968609865470852
1GPPxNO5-ys,140,3357.0,721.0,0.03485254691689008,0.012809055704498064,0.05,0.25242148517757557,0.052821128451380546,0.9249518922386145,0.95
1Iwbn-s4ZZY,122,2926.0,130.0,0.004784688995215311,0.003417634996582365,0.00819672131147541,0.10483870967741936,0.052631578947368425,0.948905109489051,0.9918032786885246
1Nm8-JMvEBA,142,3550.0,233.0,0.011830985915492958,0.011830985915492958,0.028169014084507043,0.06162828413882582,0.02881844380403458,0.9173228346456693,0.9788732394366197
1QMhBggkeH4,89,2136.0,128.0,0.00749063670411985,0.00749063670411985,0.02247191011235955,0.13973799126637554,0.06030150753768844,0.9411764705882353,0.9662921348314607
1nxypREpCDE,141,4226.0,90.0,0.00709891150023663,0.001893043066729768,0.014184397163120567,0.05178365937859609,0.03940886699507389,0.8571428571428571,0.9929078014184397
1qWOf7BkWm4,145,3480.0,598.0,0.014367816091954023,0.0017241379310344827,0.020689655172413793,0.3536369012418687,0.07563025210084033,0.9598715890850722,0.9724137931034482
1qk3xcpoFcE,240,5755.0,844.0,0.0031277150304083404,0.0010425716768027802,0.004166666666666667,0.2922173274596182,0.06563706563706564,0.9894490035169988,0.9041666666666667
1z1Py9esRjE,121,3627.0,38.0,0.006065618968844775,0.0022056796250344637,0.008264462809917356,0.025806451612903226,0.029629629629629634,0.7755102040816326,0.9917355371900827
251cxou3yR4,255,6114.0,202.0,0.010140660778541054,0.005561007523716062,0.01568627450980392,0.07929342492639843,0.054187192118226604,0.8669527896995708,0.9921568627450981
2ERtWwCflpg,110,3297.0,120.0,0.008795875037913254,0.00030330603579011223,0.00909090909090909,0.08705114254624592,0.04807692307692307,0.8921933085501859,0.990909090909091
2EjfM8T_7dw,222,6654.0,311.0,0.01638112413585813,0.010670273519687407,0.036036036036036036,0.1101469806977156,0.05725971370143149,0.8508891928864569,0.9864864864864865
2H0Ort74S8k,251,6275.0,183.0,0.006693227091633466,0.002549800796812749,0.01195219123505976,0.07027649769585254,0.04687500000000001,0.8970588235294118,0.9760956175298805
2INajjMgEJE,101,3027.0,89.0,0.0,0.0,0.0,0.07074721780604133,0.035294117647058816,1.0,0.9801980198019802
2KxnSrE13aU,173,5185.0,296.0,0.006557377049180328,0.002700096432015429,0.011560693641618497,0.0834649221745996,0.03225806451612903,0.9456869009584664,0.9826589595375722
2Q7c2fi5m4c,142,3405.0,93.0,0.007929515418502203,0.0020558002936857563,0.014084507042253521,0.052370842179759375,0.03864734299516908,0.8732394366197183,0.9788732394366197
2QGGbT5HGxY,201,4820.0,143.0,0.0,0.0,0.0,0.07142857142857142,0.039473684210526314,1.0,0.9800995024875622
2SEaPjUtxG4,128,3200.0,226.0,0.0075,0.0071875,0.0234375,0.14481268011527376,0.05487804878048781,0.9495798319327731,0.9921875
2Xl3aVlNnoM,99,2475.0,260.0,0.006060606060606061,0.00404040404040404,0.010101010101010102,0.15659955257270694,0.041297935103244844,0.9719626168224299,1.0
2a4jXMD-uDI,190,4556.0,234.0,0.011852502194907815,0.004828797190517998,0.021052631578947368,0.09486981180716679,0.046632124352331605,0.896551724137931,0.9736842105263158
2j-tHtIjU_w,406,12168.0,414.0,0.005424063116370809,0.0014792899408284023,0.012315270935960592,0.08153618906942393,0.04330175913396482,0.9261744966442953,0.9901477832512315
2jkeXe9v-1Q,101,3027.0,151.0,0.00958044268252395,0.008919722497522299,0.019801980198019802,0.05736434108527132,0.02586206896551724,0.9123867069486404,0.9900990099009901
2kiFKQeWLQw,107,3207.0,143.0,0.020891799189273464,0.007171811661989398,0.028037383177570093,0.10510841602352076,0.061135371179039305,0.8101983002832861,0.9719626168224299
2oxQb8ptd3M,89,2225.0,53.0,0.009887640449438202,0.001348314606741573,0.011235955056179775,0.05470459518599562,0.03225806451612903,0.828125,0.9887640449438202
2qnIWgCdiUU,247,7403.0,123.0,0.003512089693367554,0.0005403214912873159,0.004048582995951417,0.0013205678441729944,0.006230529595015577,0.9044117647058824,0.9959514170040485
2smkl-ID8Qw,179,5365.0,191.0,0.02590866728797763,0.012488350419384902,0.055865921787709494,0.06790261335715882,0.053892215568862284,0.7332053742802304,0.9776536312849162
2w33RxqKBeQ,125,3125.0,208.0,0.00544,0.00256,0.008,0.0982274741506647,0.03896103896103896,0.9607390300230947,0.992
32K3LsGcpkA,99,2475.0,226.0,0.009696969696969697,0.00040404040404040404,0.010101010101010102,0.09086778736937756,0.02622950819672131,0.9495798319327731,0.98989898989899
33ar9XXwqfw,105,2518.0,45.0,0.0011914217633042098,0.0011914217633042098,0.009523809523809525,0.043689320388349516,0.031007751937984496,0.967741935483871,0.9809523809523809
38rUBLSEhw8,250,7493.0,339.0,0.006806352595756039,0.0012011210463098892,0.008,0.05969677826910929,0.02968460111317254,0.9300411522633745,0.992
38tBtJBh-Ko,146,4380.0,274.0,0.005936073059360731,0.0009132420091324201,0.00684931506849315,0.14482029598308668,0.05115089514066496,0.9547038327526133,0.952054794520548
3A2IXsB7C0Q,164,4916.0,417.0,0.006712774613506917,0.0034580960130187145,0.012195121951219513,0.16440248676030395,0.04744525547445255,0.9619377162629758,0.9451219512195121
3CWw5L6Z9J4,100,2500.0,75.0,0.0,0.0,0.0,0.07228915662650602,0.03870967741935484,1.0,0.98
3IEMnWhT_7c,246,6150.0,66.0,0.0014634146341463415,0.0014634146341463415,0.0040650406504065045,0.026447605690242435,0.022813688212927757,0.9361702127659575,0.983739837398374
3L5D8by1AtI,167,4005.0,828.0,0.02696629213483146,0.0149812734082397,0.04790419161676647,0.31328878990348924,0.060291060291060294,0.9387755102040817,0.9820359281437125
3LwsX-ICwAs,159,4770.0,162.0,0.016352201257861635,0.0025157232704402514,0.018867924528301886,0.050352467270896276,0.03460207612456747,0.8059701492537313,0.9811320754716981
3OFOZQ6pMGo,271,6775.0,75.0,0.0,0.0,0.0,0.02727272727272727,0.02054794520547945,1.0,0.992619926199262
3Rj3VZNgUfE,716,17184.0,914.0,0.019436685288640596,0.010940409683426444,0.040502793296089384,0.10595936178917223,0.05783456624075319,0.845513413506013,0.9846368715083799
3Z_zctiyDPs,533,15975.0,1695.0,0.0008137715179968701,0.0008137715179968701,0.00375234521575985,0.22193030973451328,0.05091937765205092,0.9961798413164854,0.9812382739212008
3a_WyBlB51E,193,5785.0,415.0,0.02679343128781331,0.011235955056179775,0.046632124352331605,0.152256012721129,0.059753954305799654,0.8426395939086294,0.9792746113989638
3cxixDgHUYw,152,3645.0,1272.0,0.03264746227709191,0.01646090534979424,0.07236842105263158,0.48034310221586846,0.06743185078909612,0.955313556139692,0.9473684210526315
3wtbPPAZZx8,237,7103.0,104.0,0.0022525693368999015,0.0022525693368999015,0.008438818565400843,0.03586206896551724,0.0272108843537415,0.9285714285714286,0.9873417721518988
3yzNN3Zukl8,203,4868.0,48.0,0.0,0.0,0.0,0.024415055951169887,0.019047619047619046,1.0,0.9901477832512315
4-cdYS_r2jc,201,6025.0,277.0,0.008796680497925312,0.005809128630705394,0.01990049751243781,0.05603448275862069,0.027397260273972598,0.9126853377265239,0.9850746268656716
4-iBS0NuUfM,392,11749.0,2010.0,0.0,0.0,0.0,0.2836382736584085,0.04647160068846816,1.0,0.9744897959183674
44F0d2CbjM0,364,10910.0,431.0,0.0016498625114573786,0.0012832263978001834,0.005494505494505495,0.0745110892603518,0.0332409972299169,0.9795454545454545,0.9752747252747253
44XMOXZaGPs,127,3734.0,279.0,0.011783610069630423,0.004017139796464917,0.015748031496062992,0.17027769301190113,0.05774278215223097,0.9269102990033222,0.9921259842519685
45sm2EGNBUk,115,3447.0,74.0,0.004641717435451117,0.004641717435451117,0.017391304347826087,0.03248587570621469,0.024096385542168672,0.9024390243902439,0.991304347826087
46I3IeGIt8Q,143,3429.0,215.0,0.0,0.0,0.0,0.11329715061058344,0.0425531914893617,1.0,0.958041958041958
48upZRVxVoc,132,3957.0,157.0,0.005812484205205964,0.0017690169320192064,0.007575757575757576,0.09418116376724656,0.04562737642585551,0.9317507418397626,0.9772727272727273
497C5GX_RpA,113,2825.0,59.0,0.005663716814159292,0.005309734513274336,0.017699115044247787,0.051104374187960155,0.04026845637583893,0.8805970149253731,0.9911504424778761
49sz5t6V_kE,513,15375.0,132.0,0.0011707317073170731,0.0007804878048780488,0.001949317738791423,0.021257750221434897,0.01845018450184502,0.9361702127659575,1.0
4F5oD7G40ng,401,10025.0,280.0,0.004488778054862843,0.0029925187032418953,0.007481296758104738,0.06742925948223961,0.043261231281198,0.9256198347107438,0.9925187032418953
4I8ty76B1mk,187,5605.0,172.0,0.006779661016949152,0.0046387154326494205,0.0213903743315508,0.07369323050556983,0.043478260869565216,0.900523560209424,0.9893048128342246
4S9DfRc1WPc,233,5592.0,29.0,0.003397711015736767,0.000894134477825465,0.004291845493562232,0.012908969508123747,0.018604651162790697,0.7532467532467533,0.9957081545064378
4TzVOLOROkM,171,4104.0,1777.0,0.017300194931773878,0.01145224171539961,0.04678362573099415,0.6021717670286278,0.06896551724137932,0.9804137931034482,0.935672514619883
4VRtRnWoFo0,117,2808.0,239.0,0.008903133903133903,0.006054131054131054,0.017094017094017096,0.19158316633266534,0.06606606606606606,0.9502982107355865,0.9743589743589743
4VvEKHYKsI0,152,4556.0,540.0,0.012949956101843723,0.005926251097453907,0.02631578947368421,0.24165872259294566,0.054380664652567974,0.9482001755926251,0.9736842105263158
4XG3JQoVD7M,251,6018.0,228.0,0.005982053838484547,0.005982053838484547,0.01195219123505976,0.04280618311533888,0.023310023310023312,0.926829268292683,0.9960159362549801
4_Mw7-5F1cE,288,6906.0,177.0,0.012452939472922097,0.007529684332464524,0.020833333333333332,0.0456701212014755,0.03931203931203932,0.8045454545454546,0.9965277777777778
4aPm09kjEg0,251,7523.0,483.0,0.0034560680579556026,0.0005317027781470158,0.00398406374501992,0.1379840196681008,0.043859649122807015,0.9737903225806451,0.9960159362549801
4ddY2YQPWUo,112,2686.0,114.0,0.011169024571854059,0.006701414743112435,0.017857142857142856,0.10035211267605634,0.058823529411764705,0.8837209302325582,1.0
4f4VuLQqrx0,105,3150.0,126.0,0.007619047619047619,0.0019047619047619048,0.009523809523809525,0.09523809523809523,0.047619047619047616,0.9130434782608695,0.9904761904761905
4hRA_UVidx8,138,4136.0,450.0,0.0,0.0,0.0,0.2401921537229784,0.053571428571428575,1.0,0.9855072463768116
4hdv_6gl4gk,140,3357.0,134.0,0.01012809055704498,0.004170390229371462,0.02142857142857143,0.09365023057821922,0.048780487804878044,0.8874172185430463,0.9928571428571429
4lnykmCFjFs,209,5011.0,1638.0,0.003392536419876272,0.0013969267611255239,0.004784688995215311,0.38532435306628854,0.05096952908587257,0.9948375341633768,0.8755980861244019
4p3cKsDCA0Y,231,6924.0,154.0,0.003755054881571346,0.0005777007510109763,0.004329004329004329,0.05403508771929825,0.035398230088495575,0.9221556886227545,0.987012987012987
4q_AHAMVQ9c,253,6325.0,439.0,0.0017391304347826088,0.0017391304347826088,0.003952569169960474,0.15485516487520495,0.053042121684867403,0.9876265466816648,0.9644268774703557
4qwCDWlktuA,93,2788.0,201.0,0.0032281205164992827,0.0032281205164992827,0.010752688172043012,0.16618437370814387,0.05090909090909091,0.9781021897810219,0.989247311827957
4rS3Re8fAPA,229,6870.0,858.0,0.014847161572052401,0.006695778748180495,0.03056768558951965,0.1890359168241966,0.04226705091258405,0.9438943894389439,0.9563318777292577
5-sfG8BV8wU,136,3261.0,181.0,0.010426249616682,0.003986507206378411,0.014705882352941176,0.1295169946332737,0.062068965517241385,0.9141414141414141,0.9852941176470589
53A5SidDGZw,229,6864.0,1100.0,0.0013111888111888112,0.0013111888111888112,0.004366812227074236,0.23390036452004861,0.04053000779423227,0.9959257582616569,0.9475982532751092
576oNRO35bw,123,3687.0,479.0,0.008136696501220505,0.007594250067805804,0.016260162601626018,0.14047410008779632,0.031195840554592718,0.9696356275303644,0.983739837398374
5C2884mR8Jo,116,2782.0,162.0,0.002156721782890007,0.002156721782890007,0.008620689655172414,0.1354515050167224,0.054901960784313725,0.9818181818181818,0.9655172413793104
5E7EGQlyU_Y,99,2374.0,381.0,0.061920808761583825,0.020640269587194608,0.1111111111111111,0.27692307692307694,0.07391304347826087,0.8382838283828383,0.9595959595959596
5EE0hoPaXsA,304,9111.0,583.0,0.005158599495115794,0.003841510262320272,0.009868421052631578,0.14825174825174825,0.05084745762711864,0.9612530915086562,0.9868421052631579
5Ea1Gz0PzDk,275,8250.0,1177.0,0.01006060606060606,0.002787878787878788,0.014545454545454545,0.3026874115983027,0.06012884753042233,0.9659417316372589,0.9745454545454545
5EgDJEPqhTA,124,3717.0,285.0,0.004035512510088781,0.004035512510088781,0.008064516129032258,0.17516902274124155,0.052083333333333336,0.9743589743589743,0.9919354838709677
5G1OsT4tLf0,109,3270.0,90.0,0.0,0.0,0.0,0.06666666666666667,0.03389830508474576,1.0,0.981651376146789
5JVITUIzMwI,250,7493.0,420.0,0.0,0.0,0.0,0.1216089803554724,0.041935483870967745,1.0,0.984
5O7PCFGGP0k,128,3200.0,75.0,0.0,0.0,0.0,0.05714285714285714,0.03389830508474576,1.0,0.984375
5PakXyfOXTE,116,3480.0,353.0,0.010632183908045977,0.004885057471264368,0.017241379310344827,0.2246261533566656,0.05829596412556054,0.9502018842530283,0.9913793103448276
5RbGZZnUR3g,225,5395.0,69.0,0.009453197405004634,0.003892493049119555,0.013333333333333334,0.016419612314709234,0.024096385542168676,0.7301587301587301,0.9955555555555555
5bP93mTphjM,118,2950.0,136.0,0.0047457627118644066,0.0047457627118644066,0.01694915254237288,0.10941271118262269,0.052173913043478265,0.951048951048951,0.9915254237288136
5c-3aeO4dWE,97,2908.0,449.0,0.0,0.0,0.0,0.3005738880918221,0.05313092979127135,1.0,0.979381443298969
5jc_R9_im9w,95,2375.0,179.0,0.008842105263157894,0.0016842105263157896,0.010526315789473684,0.05194805194805195,0.023529411764705885,0.9445910290237467,0.9894736842105263
5k_z0t2WCuA,203,5075.0,165.0,0.011822660098522168,0.006896551724137931,0.019704433497536946,0.07829181494661921,0.055045871559633024,0.8461538461538461,1.0
5kucjm9wkmw,157,4697.0,195.0,0.009580583351075155,0.004470938897168405,0.01910828025477707,0.0984102952308857,0.04984423676012461,0.896551724137931,0.9745222929936306
5qLcB3dYMEw,178,5340.0,900.0,0.0,0.0,0.0,0.26744186046511625,0.044145873320537425,1.0,0.9101123595505618
5ricWUAj1QA,235,5875.0,602.0,0.008170212765957446,0.005446808510638298,0.01702127659574468,0.2063372312334968,0.058227848101265814,0.9616613418530351,0.9957446808510638
