src,arm_a,arm_b,spearman_a,spearman_b,delta
--d84Ars5ng_60.0_210.0,O,P,0.0,0.0,0.0
--ePzhMQU1w_60.0_210.0,O,P,0.5,0.0,0.5
--euWZ-mcOg_510.0_660.0,O,P,1.0,0.0,1.0
-7ECtLfnZDE_510.0_660.0,O,P,0.5,0.0,0.5
-8Aqoht56yc_360.0_510.0,O,P,0.0,0.0,0.0
-J-BCVTnbDo_360.0_510.0,O,P,0.0,0.0,0.0
-YoS2o-teho_510.0_660.0,O,P,-0.06667,0.0,-0.06667
-e_TnS4fh7Y_360.0_510.0,O,P,-0.06667,0.0,-0.06667
--d84Ars5ng_60.0_210.0,O,S,0.0,0.0,0.0
--ePzhMQU1w_60.0_210.0,O,S,0.5,0.5,0.0
--euWZ-mcOg_510.0_660.0,O,S,1.0,-0.06667,1.06667
-7ECtLfnZDE_510.0_660.0,O,S,0.5,0.5,0.0
-8Aqoht56yc_360.0_510.0,O,S,0.0,0.0,0.0
-J-BCVTnbDo_360.0_510.0,O,S,0.0,0.0,0.0
-YoS2o-teho_510.0_660.0,O,S,-0.06667,0.46667,-0.53333
-e_TnS4fh7Y_360.0_510.0,O,S,-0.06667,-0.06667,0.0
--d84Ars5ng_60.0_210.0,O,L,0.0,0.0,0.0
--ePzhMQU1w_60.0_210.0,O,L,0.5,0.5,0.0
--euWZ-mcOg_510.0_660.0,O,L,1.0,-0.06667,1.06667
-7ECtLfnZDE_510.0_660.0,O,L,0.5,0.5,0.0
-8Aqoht56yc_360.0_510.0,O,L,0.0,0.0,0.0
-J-BCVTnbDo_360.0_510.0,O,L,0.0,0.0,0.0
-YoS2o-teho_510.0_660.0,O,L,-0.06667,-0.06667,0.0
-e_TnS4fh7Y_360.0_510.0,O,L,-0.06667,-0.6,0.53333
--d84Ars5ng_60.0_210.0,O,B,0.0,0.0,0.0
--ePzhMQU1w_60.0_210.0,O,B,0.5,1.0,-0.5
--euWZ-mcOg_510.0_660.0,O,B,1.0,1.0,0.0
-7ECtLfnZDE_510.0_660.0,O,B,0.5,1.0,-0.5
-8Aqoht56yc_360.0_510.0,O,B,0.0,0.0,0.0
-J-BCVTnbDo_360.0_510.0,O,B,0.0,0.0,0.0
-YoS2o-teho_510.0_660.0,O,B,-0.06667,1.0,-1.06667
-e_TnS4fh7Y_360.0_510.0,O,B,-0.06667,-0.6,0.53333
